Date,Time,Diagram,File,Action,Commit Message,Version,Commit Hash,Author Name
21.05.2025,15:05:27,"7","drawio_files/7.drawio","Converted to PNG","Update 7.drawio",1.1,07e71dd,"Lucas Dreger"
21.05.2025,15:12:54,"7","drawio_files/7.drawio","Converted to PNG","Update 7.drawio",1.2,981e126,"Lucas Dreger"
21.05.2025,15:33:22,"7","drawio_files/7.drawio","Converted to PNG","Update 7.drawio",1.3,9b931eb,"Lucas Dreger"
21.05.2025,15:38:59,"7","drawio_files/7.drawio","Converted to PNG","Update 7.drawio",1.4,1c669f4,"Lucas Dreger"
21.05.2025,16:28:55,"7","drawio_files/7.drawio","Converted to PNG","Update 7.drawio",1.5,6cd0982,"Lucas Dreger"
21.05.2025,16:39:34,"7","drawio_files/7.drawio","Converted to PNG","Update 7.drawio",1.6,b6193a6,"Lucas Dreger"
22.05.2025,07:33:05,"8","drawio_files/8.drawio","Converted to PNG","Added 8.drawio",1.0,17d8d94,"Lucas Dreger"
22.05.2025,07:47:13,"8","drawio_files/8.drawio","Converted to PNG","Update 8.drawio",1.1,adf78d8,"Lucas Dreger"
22.05.2025,08:01:00,"8","drawio_files/8.drawio","Converted to PNG","Update 8.drawio",1.2,30e3747,"Lucas Dreger"
22.05.2025,09:26:12,"8","drawio_files/8.drawio","Converted to PNG","Update 8.drawio",1.3,05fa84d,"Lucas Dreger"
22.05.2025,10:39:27,"8","drawio_files/8.drawio","Converted to PNG","Update 8.drawio",1.4,7bf8dc7,"Lucas Dreger"
22.05.2025,11:35:07,"8","drawio_files/8.drawio","Converted to PNG","Update 8.drawio",1.5,ad14ba2,"Lucas Dreger"
22.05.2025,11:49:31,"9","drawio_files/9.drawio","Converted to PNG","Added 9.drawio",1.0,934edc8,"Lucas Dreger"
22.05.2025,12:03:42,"9","drawio_files/9.drawio","Converted to PNG","Update 9.drawio",1.1,33a2a56,"Lucas Dreger"
22.05.2025,12:18:56,"10","drawio_files/10.drawio","Converted to PNG","Added 10.drawio",1.0,7502cf6,"Lucas Dreger"
22.05.2025,12:38:18,"11","drawio_files/11.drawio","Converted to PNG","Added 11.drawio",1.0,b56f133,"Lucas Dreger"
22.05.2025,12:48:48,"11","drawio_files/11.drawio","Converted to PNG","Update 11.drawio",1.1,64a8ad3,"Lucas Dreger"
22.05.2025,13:59:55,"11","drawio_files/11.drawio","Converted to PNG","Update 11.drawio",Commit message for drawio_files/11.drawio: 'Update 11.drawio'
Version file exists at png_files/.versions
Found existing version for ID 11: 1.1
This is an update, incrementing minor version to 1.2
Updating existing entry for ID 11 to version 1.2
1.2,ec64192,"Lucas Dreger"
22.05.2025,14:19:35,"12","drawio_files/12.drawio","Converted to PNG","Added 12.drawio",1.0,4220048,"Lucas Dreger"
